error_type,taxonomy,avg_char_len,avg_yes_vote_count,n,pred_0,pred_1,target_0,target_1
correct,correct,4997.99,5.23,452,90,362,90,362
FP,yes_prior_consensus_false_positive,6125.26,6.78,256,0,256,256,0
FP,risky_pattern_false_alarm:error_handling,4375.78,4.21,58,0,58,58,0
FN,conservative_consensus_false_negative,4775.05,0.1,42,42,0,0,42
FP,risky_pattern_false_alarm:bounds,3768.72,4.36,25,0,25,25,0
FN,semantic_pattern_false_negative:error_handling,1447.0,2.69,16,16,0,0,16
FN,semantic_pattern_false_negative:bounds,2115.5,2.88,8,8,0,0,8
FN,long_context_false_negative,26884.0,3.14,7,7,0,0,7
FP,risky_pattern_false_alarm:lifecycle,605.5,4.5,2,0,2,2,0
FP,retrieval_misleading_or_ambiguous:retrieval_low_margin,1608.0,2.0,1,0,1,1,0
FP,risky_pattern_false_alarm:memory_api,2915.0,4.0,1,0,1,1,0
